12,26,2050,12/26/2050
11,24,2050,11/24/2050
9,5,2050,9/5/2050
7,4,2050,7/4/2050
5,30,2050,5/30/2050
4,8,2050,4/8/2050
2,21,2050,2/21/2050
1,17,2050,1/17/2050
12,24,2049,12/24/2049
11,25,2049,11/25/2049
9,6,2049,9/6/2049
7,5,2049,7/5/2049
5,31,2049,5/31/2049
4,16,2049,4/16/2049
2,15,2049,2/15/2049
1,18,2049,1/18/2049
1,1,2049,1/1/2049
12,25,2048,12/25/2048
11,26,2048,11/26/2048
9,7,2048,9/7/2048
7,3,2048,7/3/2048
5,25,2048,5/25/2048
4,3,2048,4/3/2048
2,17,2048,2/17/2048
1,20,2048,1/20/2048
1,1,2048,1/1/2048
12,25,2047,12/25/2047
11,28,2047,11/28/2047
9,2,2047,9/2/2047
7,4,2047,7/4/2047
5,27,2047,5/27/2047
4,12,2047,4/12/2047
2,18,2047,2/18/2047
1,21,2047,1/21/2047
1,1,2047,1/1/2047
12,25,2046,12/25/2046
11,22,2046,11/22/2046
9,3,2046,9/3/2046
7,4,2046,7/4/2046
5,28,2046,5/28/2046
3,23,2046,3/23/2046
2,19,2046,2/19/2046
1,15,2046,1/15/2046
1,1,2046,1/1/2046
12,25,2045,12/25/2045
11,23,2045,11/23/2045
9,4,2045,9/4/2045
7,4,2045,7/4/2045
5,29,2045,5/29/2045
4,7,2045,4/7/2045
2,20,2045,2/20/2045
1,16,2045,1/16/2045
1,2,2045,1/2/2045
12,26,2044,12/26/2044
11,24,2044,11/24/2044
9,5,2044,9/5/2044
7,4,2044,7/4/2044
5,30,2044,5/30/2044
4,15,2044,4/15/2044
2,15,2044,2/15/2044
1,18,2044,1/18/2044
1,1,2044,1/1/2044
12,25,2043,12/25/2043
11,26,2043,11/26/2043
9,7,2043,9/7/2043
7,3,2043,7/3/2043
5,25,2043,5/25/2043
3,27,2043,3/27/2043
2,16,2043,2/16/2043
1,19,2043,1/19/2043
1,1,2043,1/1/2043
12,25,2042,12/25/2042
11,27,2042,11/27/2042
9,1,2042,9/1/2042
7,4,2042,7/4/2042
5,26,2042,5/26/2042
4,4,2042,4/4/2042
2,17,2042,2/17/2042
1,20,2042,1/20/2042
1,1,2042,1/1/2042
12,25,2041,12/25/2041
11,28,2041,11/28/2041
9,2,2041,9/2/2041
7,4,2041,7/4/2041
5,27,2041,5/27/2041
4,19,2041,4/19/2041
2,18,2041,2/18/2041
1,21,2041,1/21/2041
1,1,2041,1/1/2041
12,25,2040,12/25/2040
11,22,2040,11/22/2040
9,3,2040,9/3/2040
7,4,2040,7/4/2040
5,28,2040,5/28/2040
3,30,2040,3/30/2040
2,20,2040,2/20/2040
1,16,2040,1/16/2040
1,2,2040,1/2/2040
12,26,2039,12/26/2039
11,24,2039,11/24/2039
9,5,2039,9/5/2039
7,4,2039,7/4/2039
5,30,2039,5/30/2039
4,8,2039,4/8/2039
2,21,2039,2/21/2039
1,17,2039,1/17/2039
12,24,2038,12/24/2038
11,25,2038,11/25/2038
9,6,2038,9/6/2038
7,5,2038,7/5/2038
5,31,2038,5/31/2038
4,23,2038,4/23/2038
2,15,2038,2/15/2038
1,18,2038,1/18/2038
1,1,2038,1/1/2038
12,25,2037,12/25/2037
11,26,2037,11/26/2037
9,7,2037,9/7/2037
7,3,2037,7/3/2037
5,25,2037,5/25/2037
4,3,2037,4/3/2037
2,16,2037,2/16/2037
1,19,2037,1/19/2037
1,1,2037,1/1/2037
12,25,2036,12/25/2036
11,27,2036,11/27/2036
9,1,2036,9/1/2036
7,4,2036,7/4/2036
5,26,2036,5/26/2036
4,11,2036,4/11/2036
2,18,2036,2/18/2036
1,21,2036,1/21/2036
1,1,2036,1/1/2036
12,25,2035,12/25/2035
11,22,2035,11/22/2035
9,3,2035,9/3/2035
7,4,2035,7/4/2035
5,28,2035,5/28/2035
3,23,2035,3/23/2035
2,19,2035,2/19/2035
1,15,2035,1/15/2035
1,1,2035,1/1/2035
12,25,2034,12/25/2034
11,23,2034,11/23/2034
9,4,2034,9/4/2034
7,4,2034,7/4/2034
5,29,2034,5/29/2034
4,7,2034,4/7/2034
2,20,2034,2/20/2034
1,16,2034,1/16/2034
1,2,2034,1/2/2034
12,26,2033,12/26/2033
11,24,2033,11/24/2033
9,5,2033,9/5/2033
7,4,2033,7/4/2033
5,30,2033,5/30/2033
4,15,2033,4/15/2033
2,21,2033,2/21/2033
1,17,2033,1/17/2033
12,24,2032,12/24/2032
11,25,2032,11/25/2032
9,6,2032,9/6/2032
7,5,2032,7/5/2032
5,31,2032,5/31/2032
3,26,2032,3/26/2032
2,16,2032,2/16/2032
1,19,2032,1/19/2032
1,1,2032,1/1/2032
12,25,2031,12/25/2031
11,27,2031,11/27/2031
9,1,2031,9/1/2031
7,4,2031,7/4/2031
5,26,2031,5/26/2031
4,11,2031,4/11/2031
2,17,2031,2/17/2031
1,20,2031,1/20/2031
1,1,2031,1/1/2031
12,25,2030,12/25/2030
11,28,2030,11/28/2030
9,2,2030,9/2/2030
7,4,2030,7/4/2030
5,27,2030,5/27/2030
4,19,2030,4/19/2030
2,18,2030,2/18/2030
1,21,2030,1/21/2030
1,1,2030,1/1/2030
12,25,2029,12/25/2029
11,22,2029,11/22/2029
9,3,2029,9/3/2029
7,4,2029,7/4/2029
5,28,2029,5/28/2029
3,30,2029,3/30/2029
2,19,2029,2/19/2029
1,15,2029,1/15/2029
1,1,2029,1/1/2029
12,25,2028,12/25/2028
11,23,2028,11/23/2028
9,4,2028,9/4/2028
7,4,2028,7/4/2028
5,29,2028,5/29/2028
4,14,2028,4/14/2028
2,21,2028,2/21/2028
1,17,2028,1/17/2028
12,24,2027,12/24/2027
11,25,2027,11/25/2027
9,6,2027,9/6/2027
7,5,2027,7/5/2027
5,31,2027,5/31/2027
3,26,2027,3/26/2027
2,15,2027,2/15/2027
1,18,2027,1/18/2027
1,1,2027,1/1/2027
12,25,2026,12/25/2026
11,26,2026,11/26/2026
9,7,2026,9/7/2026
7,3,2026,7/3/2026
5,25,2026,5/25/2026
4,3,2026,4/3/2026
2,16,2026,2/16/2026
1,19,2026,1/19/2026
1,1,2026,1/1/2026
12,25,2025,12/25/2025
11,27,2025,11/27/2025
9,1,2025,9/1/2025
7,4,2025,7/4/2025
5,26,2025,5/26/2025
4,18,2025,4/18/2025
2,17,2025,2/17/2025
1,20,2025,1/20/2025
1,1,2025,1/1/2025
12,25,2024,12/25/2024
11,28,2024,11/28/2024
9,2,2024,9/2/2024
7,4,2024,7/4/2024
5,27,2024,5/27/2024
3,29,2024,3/29/2024
2,19,2024,2/19/2024
1,15,2024,1/15/2024
1,1,2024,1/1/2024
12,25,2023,12/25/2023
11,23,2023,11/23/2023
9,4,2023,9/4/2023
7,4,2023,7/4/2023
5,29,2023,5/29/2023
4,7,2023,4/7/2023
2,20,2023,2/20/2023
1,16,2023,1/16/2023
1,2,2023,1/2/2023
12,26,2022,12/26/2022
11,24,2022,11/24/2022
9,5,2022,9/5/2022
7,4,2022,7/4/2022
5,30,2022,5/30/2022
4,15,2022,4/15/2022
2,21,2022,2/21/2022
1,17,2022,1/17/2022
12,24,2021,12/24/2021
11,25,2021,11/25/2021
9,6,2021,9/6/2021
7,5,2021,7/5/2021
5,31,2021,5/31/2021
4,2,2021,4/2/2021
2,15,2021,2/15/2021
1,18,2021,1/18/2021
1,1,2021,1/1/2021
12,25,2020,12/25/2020
11,26,2020,11/26/2020
9,7,2020,9/7/2020
7,3,2020,7/3/2020
5,25,2020,5/25/2020
4,10,2020,4/10/2020
2,17,2020,2/17/2020
1,20,2020,1/20/2020
1,1,2020,1/1/2020
12,25,2019,12/25/2019
11,28,2019,11/28/2019
9,2,2019,9/2/2019
7,4,2019,7/4/2019
5,27,2019,5/27/2019
4,19,2019,4/19/2019
2,18,2019,2/18/2019
1,21,2019,1/21/2019
1,1,2019,1/1/2019
12,25,2018,12/25/2018
11,22,2018,11/22/2018
9,3,2018,9/3/2018
7,4,2018,7/4/2018
5,28,2018,5/28/2018
3,30,2018,3/30/2018
2,19,2018,2/19/2018
1,15,2018,1/15/2018
1,1,2018,1/1/2018
12,25,2017,12/25/2017
11,23,2017,11/23/2017
9,4,2017,9/4/2017
7,4,2017,7/4/2017
5,29,2017,5/29/2017
4,14,2017,4/14/2017
2,20,2017,2/20/2017
1,16,2017,1/16/2017
1,2,2017,1/2/2017
12,26,2016,12/26/2016
11,24,2016,11/24/2016
9,5,2016,9/5/2016
7,4,2016,7/4/2016
5,30,2016,5/30/2016
3,25,2016,3/25/2016
2,15,2016,2/15/2016
1,18,2016,1/18/2016
1,1,2016,1/1/2016
12,25,2015,12/25/2015
11,26,2015,11/26/2015
9,7,2015,9/7/2015
7,3,2015,7/3/2015
5,25,2015,5/25/2015
4,3,2015,4/3/2015
2,16,2015,2/16/2015
1,19,2015,1/19/2015
1,1,2015,1/1/2015
12,25,2014,12/25/2014
11,27,2014,11/27/2014
9,1,2014,9/1/2014
7,4,2014,7/4/2014
5,26,2014,5/26/2014
4,18,2014,4/18/2014
2,17,2014,2/17/2014
1,20,2014,1/20/2014
1,1,2014,1/1/2014
12,25,2013,12/25/2013
11,28,2013,11/28/2013
9,2,2013,9/2/2013
7,4,2013,7/4/2013
5,27,2013,5/27/2013
3,29,2013,3/29/2013
2,18,2013,2/18/2013
1,21,2013,1/21/2013
1,1,2013,1/1/2013
12,25,2012,12/25/2012
11,22,2012,11/22/2012
9,3,2012,9/3/2012
7,4,2012,7/4/2012
5,28,2012,5/28/2012
4,6,2012,4/6/2012
2,20,2012,2/20/2012
1,16,2012,1/16/2012
1,2,2012,1/2/2012
12,26,2011,12/26/2011
11,24,2011,11/24/2011
9,5,2011,9/5/2011
7,4,2011,7/4/2011
5,30,2011,5/30/2011
4,22,2011,4/22/2011
2,21,2011,2/21/2011
1,17,2011,1/17/2011
12,24,2010,12/24/2010
11,25,2010,11/25/2010
9,6,2010,9/6/2010
7,5,2010,7/5/2010
5,31,2010,5/31/2010
4,2,2010,4/2/2010
2,15,2010,2/15/2010
1,18,2010,1/18/2010
1,1,2010,1/1/2010
12,25,2009,12/25/2009
11,26,2009,11/26/2009
9,7,2009,9/7/2009
7,3,2009,7/3/2009
5,25,2009,5/25/2009
4,10,2009,4/10/2009
2,16,2009,2/16/2009
1,19,2009,1/19/2009
1,1,2009,1/1/2009
12,25,2008,12/25/2008
11,27,2008,11/27/2008
9,1,2008,9/1/2008
7,4,2008,7/4/2008
5,26,2008,5/26/2008
3,21,2008,3/21/2008
2,18,2008,2/18/2008
1,21,2008,1/21/2008
1,1,2008,1/1/2008
12,25,2007,12/25/2007
11,22,2007,11/22/2007
9,3,2007,9/3/2007
7,4,2007,7/4/2007
5,28,2007,5/28/2007
4,6,2007,4/6/2007
2,19,2007,2/19/2007
1,15,2007,1/15/2007
1,1,2007,1/1/2007
12,25,2006,12/25/2006
11,23,2006,11/23/2006
9,4,2006,9/4/2006
7,4,2006,7/4/2006
5,29,2006,5/29/2006
4,14,2006,4/14/2006
2,20,2006,2/20/2006
1,16,2006,1/16/2006
1,2,2006,1/2/2006
12,26,2005,12/26/2005
11,24,2005,11/24/2005
9,5,2005,9/5/2005
7,4,2005,7/4/2005
5,30,2005,5/30/2005
3,25,2005,3/25/2005
2,21,2005,2/21/2005
1,17,2005,1/17/2005
12,24,2004,12/24/2004
11,25,2004,11/25/2004
9,6,2004,9/6/2004
7,5,2004,7/5/2004
5,31,2004,5/31/2004
4,9,2004,4/9/2004
2,16,2004,2/16/2004
1,19,2004,1/19/2004
1,1,2004,1/1/2004
